<?xml version="1.0" encoding="UTF-8" standalone="yes"?>
 <Info>
   <Version>1.0.1</Version>
   <UpdateServer>
     <Ip>192.168.1.100</Ip>
     <Port>2110</Port>
   </UpdateServer>
   <Files>     
     <File> 
      <Name>Hub_0513.jar</Name>  
      <Path>./bin</Path>
      <SubVer>1.0.0.0</SubVer> 
    </File>  
    <File> 
      <Name>config.properties</Name>  
      <Path>./bin</Path>
      <SubVer>1.0.0.0</SubVer> 
    </File> 
    <File> 
      <Name>libdevice_char_operate.so</Name>  
      <Path>./bin</Path>
      <SubVer>1.0.0.0</SubVer> 
    </File> 
    <File> 
      <Name>libsmartify_gadget.so</Name>  
      <Path>./bin</Path>
      <SubVer>1.0.0.0</SubVer> 
    </File> 
  </Files> 
</Info>